{
  "linear": {
    "mse": 0.9978275574889378,
    "mae": 0.7483611426864228,
    "rmse": 0.998913188164486
  },
  "random_forest": {
    "mse": 0.6715880245817301,
    "mae": 0.6339563361195546,
    "rmse": 0.8195047434772602
  },
  "gradient_boosting": {
    "mse": 0.7834650564918034,
    "mae": 0.685698075737152,
    "rmse": 0.8851356147460137
  },
  "mlp": {
    "mse": 0.753572090245398,
    "mae": 0.6741521040805244,
    "rmse": 0.8680853012494786
  }
}